;Zone;Amélioration 2015 du déficit public (en points de PIB);Amélioration moyenne depuis 2011 du déficit public (en points de PIB)
0;UE;0.6000000000000001;0.8
1;Z€;0.5;0.82
2;Allemagne;0.39999999999999997;0.9800000000000002
3;Espagne;0.8000000000000007;0.8600000000000001
4;France;0.5;0.6599999999999999
5;Italie;0.3999999999999999;0.32
6;Pays-Bas;0.5999999999999999;0.64
7;"Royaume
-Uni";1.1999999999999993;1.0399999999999998
