;Zone;Ajustement structurel moyen entre 2011 et 2014 (en points de PIB);Ajustement structurel en 2015 (en points de PIB)
0;UE;0.7152749999999999;0.06580000000000008
1;Zone euro;0.8056249999999998;0.01880000000000015
2;Allemagne;0.67465;0.12170000000000003
3;Espagne;1.3001000000000003;-0.9812999999999998
4;France;0.7675000000000001;0.2766000000000002
5;Italie;0.539975;0.14869999999999994
6;Pays-Bas;0.724225;-0.3016
7;"Royaume
-Uni";0.4933749999999999;0.6494999999999997
